RecordID,SerialID,LocalTime,latitude,longitude,Fix_Status,DOP,Speed_kmh,Limit_kmh
5685,26,9/3/2009 11:57,43.33742,-79.79029,3D Fix,0.5,0,50
5686,26,9/3/2009 11:57,43.337422,-79.79029,3D Fix,0.5,0,50
5687,26,9/3/2009 11:57,43.33742,-79.790288,3D Fix,0.5,0,50
5688,26,9/3/2009 11:57,43.337418,-79.790283,3D Fix,0.5,2.2,50
5689,26,9/3/2009 11:57,43.33741,-79.790272,3D Fix,0.5,5.9,50
5690,26,9/3/2009 11:57,43.337395,-79.790248,3D Fix,0.5,11.1,50
5691,26,9/3/2009 11:57,43.337368,-79.79021,3D Fix,0.5,16.3,50
5692,26,9/3/2009 11:57,43.337337,-79.79016,3D Fix,0.5,20,50
5693,26,9/3/2009 11:57,43.337297,-79.79011,3D Fix,0.5,22.2,50
5694,26,9/3/2009 11:57,43.337253,-79.79005,3D Fix,0.5,25.2,50
5695,26,9/3/2009 11:57,43.337205,-79.789982,3D Fix,0.5,27.4,50
5696,26,9/3/2009 11:57,43.337158,-79.789912,3D Fix,0.5,27.4,50
5697,26,9/3/2009 11:57,43.337108,-79.789838,3D Fix,0.5,28.9,50
5698,26,9/3/2009 11:57,43.337058,-79.789762,3D Fix,0.5,29.6,50
5699,26,9/3/2009 11:57,43.337003,-79.789683,3D Fix,0.5,30.4,50
5700,26,9/3/2009 11:57,43.336947,-79.789603,3D Fix,0.5,30.4,50
5701,26,9/3/2009 11:57,43.336887,-79.789533,3D Fix,0.5,30.4,50
5702,26,9/3/2009 11:57,43.336825,-79.789467,3D Fix,0.5,30.4,50
5703,26,9/3/2009 11:57,43.336763,-79.789402,3D Fix,0.5,30.4,50
5704,26,9/3/2009 11:57,43.3367,-79.78933,3D Fix,0.5,31.1,50
5705,26,9/3/2009 11:57,43.336638,-79.789253,3D Fix,0.5,32.6,50
5706,26,9/3/2009 11:57,43.336577,-79.789172,3D Fix,0.5,32.6,50
5707,26,9/3/2009 11:57,43.336515,-79.789088,3D Fix,0.5,33.3,50
5708,26,9/3/2009 11:57,43.336452,-79.789002,3D Fix,0.5,34.1,50
5709,26,9/3/2009 11:57,43.336387,-79.78892,3D Fix,0.5,34.1,50
5710,26,9/3/2009 11:57,43.33632,-79.788843,3D Fix,0.5,34.1,50
5711,26,9/3/2009 11:57,43.336252,-79.78877,3D Fix,0.5,33.3,50
5712,26,9/3/2009 11:57,43.336185,-79.788695,3D Fix,0.5,33.3,50
5713,26,9/3/2009 11:57,43.336118,-79.788622,3D Fix,0.5,32.6,50
5714,26,9/3/2009 11:57,43.336055,-79.788548,3D Fix,0.5,31.9,50
5715,26,9/3/2009 11:57,43.335993,-79.788477,3D Fix,0.5,31.9,50
5716,26,9/3/2009 11:57,43.335933,-79.788402,3D Fix,0.5,30.4,50
5717,26,9/3/2009 11:57,43.335878,-79.788333,3D Fix,0.5,27.4,50
5718,26,9/3/2009 11:57,43.335832,-79.788272,3D Fix,0.5,23.7,50
5719,26,9/3/2009 11:57,43.335795,-79.788223,3D Fix,0.5,17,50
5720,26,9/3/2009 11:57,43.33577,-79.78819,3D Fix,0.5,10.4,50
5721,26,9/3/2009 11:57,43.335757,-79.788172,3D Fix,0.5,5.2,50
5722,26,9/3/2009 11:57,43.335752,-79.788168,3D Fix,0.5,0,50
5723,26,9/3/2009 11:57,43.33575,-79.788172,3D Fix,0.5,0,50
5724,26,9/3/2009 11:57,43.33575,-79.788175,3D Fix,0.5,0,50
5725,26,9/3/2009 11:57,43.33575,-79.788178,3D Fix,0.5,0,50
5726,26,9/3/2009 11:57,43.335748,-79.788183,3D Fix,0.5,0,50
5727,26,9/3/2009 11:57,43.335748,-79.788187,3D Fix,0.5,0,50
5728,26,9/3/2009 11:57,43.335748,-79.788192,3D Fix,0.5,0,50
5729,26,9/3/2009 11:57,43.335748,-79.788195,3D Fix,0.5,0,50
5730,26,9/3/2009 11:57,43.335748,-79.7882,3D Fix,0.5,0,50
5731,26,9/3/2009 11:57,43.335748,-79.788203,3D Fix,0.5,0,50
5732,26,9/3/2009 11:57,43.335748,-79.788207,3D Fix,0.5,0,50
5733,26,9/3/2009 11:57,43.335748,-79.78821,3D Fix,0.5,0,50
5734,26,9/3/2009 11:57,43.335748,-79.788212,3D Fix,0.5,0,50
5735,26,9/3/2009 11:57,43.335748,-79.788215,3D Fix,0.5,0,50
5736,26,9/3/2009 11:57,43.335747,-79.788213,3D Fix,0.5,1.5,50
5737,26,9/3/2009 11:58,43.33574,-79.78821,3D Fix,0.5,3.7,50
5738,26,9/3/2009 11:58,43.335725,-79.788203,3D Fix,0.5,8.1,50
5739,26,9/3/2009 11:58,43.335698,-79.788203,3D Fix,0.5,11.9,50
5740,26,9/3/2009 11:58,43.335663,-79.788213,3D Fix,0.5,16.3,50
5741,26,9/3/2009 11:58,43.33562,-79.788245,3D Fix,0.5,21.5,50
5742,26,9/3/2009 11:58,43.335572,-79.788297,3D Fix,0.5,25.2,50
5743,26,9/3/2009 11:58,43.335515,-79.788358,3D Fix,0.5,29.6,50
5744,26,9/3/2009 11:58,43.33545,-79.78843,3D Fix,0.5,34.1,50
5745,26,9/3/2009 11:58,43.335378,-79.788512,3D Fix,0.6,37.8,50
5746,26,9/3/2009 11:58,43.3353,-79.7886,3D Fix,0.6,40,50
5747,26,9/3/2009 11:58,43.335218,-79.788693,3D Fix,0.5,42.2,50
5748,26,9/3/2009 11:58,43.335132,-79.78879,3D Fix,0.5,43.7,50
5749,26,9/3/2009 11:58,43.335043,-79.788888,3D Fix,0.5,45.2,50
5750,26,9/3/2009 11:58,43.334952,-79.78899,3D Fix,0.5,46.7,50
5751,26,9/3/2009 11:58,43.334858,-79.789095,3D Fix,0.5,47.4,50
5752,26,9/3/2009 11:58,43.334762,-79.789202,3D Fix,0.5,48.2,50
5753,26,9/3/2009 11:58,43.334665,-79.789308,3D Fix,0.5,49.6,50
5754,26,9/3/2009 11:58,43.334565,-79.789418,3D Fix,0.5,50.4,50
5755,26,9/3/2009 11:58,43.334465,-79.789528,3D Fix,0.5,51.1,50
5756,26,9/3/2009 11:58,43.334362,-79.789642,3D Fix,0.5,51.1,50
5757,26,9/3/2009 11:58,43.33426,-79.789753,3D Fix,0.5,51.1,50
5758,26,9/3/2009 11:58,43.33416,-79.789868,3D Fix,0.5,51.1,50
5759,26,9/3/2009 11:58,43.33406,-79.789982,3D Fix,0.5,50.4,50
5760,26,9/3/2009 11:58,43.33396,-79.790093,3D Fix,0.5,50.4,50
5761,26,9/3/2009 11:58,43.33386,-79.790205,3D Fix,0.8,50.4,50
5762,26,9/3/2009 11:58,43.333762,-79.790313,3D Fix,0.5,49.6,50
5763,26,9/3/2009 11:58,43.333663,-79.790422,3D Fix,0.5,48.9,50
5764,26,9/3/2009 11:58,43.333565,-79.790528,3D Fix,0.5,48.9,50
5765,26,9/3/2009 11:58,43.33347,-79.790633,3D Fix,0.5,48.2,50
5766,26,9/3/2009 11:58,43.333373,-79.790737,3D Fix,0.5,48.2,50
5767,26,9/3/2009 11:58,43.33328,-79.79084,3D Fix,0.5,46.7,50
5768,26,9/3/2009 11:58,43.333187,-79.79094,3D Fix,0.5,45.9,50
5769,26,9/3/2009 11:58,43.333097,-79.79104,3D Fix,0.5,45.2,50
5770,26,9/3/2009 11:58,43.333007,-79.791142,3D Fix,0.5,45.9,50
5771,26,9/3/2009 11:58,43.332917,-79.791243,3D Fix,0.5,45.9,50
5772,26,9/3/2009 11:58,43.332827,-79.791343,3D Fix,0.5,45.9,50
5773,26,9/3/2009 11:58,43.332735,-79.791445,3D Fix,0.5,46.7,50
5774,26,9/3/2009 11:58,43.332642,-79.791547,3D Fix,0.5,46.7,50
5775,26,9/3/2009 11:58,43.332548,-79.791648,3D Fix,0.5,47.4,50
5776,26,9/3/2009 11:58,43.332457,-79.791752,3D Fix,0.5,46.7,50
5777,26,9/3/2009 11:58,43.332365,-79.791852,3D Fix,0.6,45.9,50
5778,26,9/3/2009 11:58,43.332275,-79.79195,3D Fix,0.5,44.4,50
5779,26,9/3/2009 11:58,43.332188,-79.792047,3D Fix,0.5,43.7,50
5780,26,9/3/2009 11:58,43.332103,-79.792138,3D Fix,0.5,41.5,50
5781,26,9/3/2009 11:58,43.332022,-79.792227,3D Fix,0.5,40,50
5782,26,9/3/2009 11:58,43.331942,-79.792312,3D Fix,0.5,39.3,50
5783,26,9/3/2009 11:58,43.331867,-79.792387,3D Fix,0.5,34.8,50
5784,26,9/3/2009 11:58,43.3318,-79.79245,3D Fix,0.5,29.6,50
5785,26,9/3/2009 11:58,43.331742,-79.792503,3D Fix,0.5,26.7,50
5786,26,9/3/2009 11:58,43.331685,-79.792542,3D Fix,0.5,23,40
5787,26,9/3/2009 11:58,43.331635,-79.792558,3D Fix,0.5,19.3,40
5788,26,9/3/2009 11:58,43.331592,-79.79255,3D Fix,0.5,15.6,40
5789,26,9/3/2009 11:58,43.331558,-79.792527,3D Fix,0.5,14.1,40
5790,26,9/3/2009 11:58,43.331533,-79.792495,3D Fix,0.5,11.9,40
5791,26,9/3/2009 11:58,43.331515,-79.79246,3D Fix,0.5,10.4,40
5792,26,9/3/2009 11:58,43.3315,-79.792433,3D Fix,0.5,8.9,40
5793,26,9/3/2009 11:58,43.331483,-79.792407,3D Fix,0.5,8.9,40
5794,26,9/3/2009 11:58,43.331467,-79.79238,3D Fix,0.5,9.6,40
5795,26,9/3/2009 11:58,43.331448,-79.79235,3D Fix,0.5,11.1,40
5796,26,9/3/2009 11:58,43.331427,-79.792313,3D Fix,0.5,12.6,40
5797,26,9/3/2009 11:59,43.331405,-79.792273,3D Fix,0.5,14.1,40
5798,26,9/3/2009 11:59,43.331382,-79.792228,3D Fix,0.5,14.8,40
5799,26,9/3/2009 11:59,43.331355,-79.792182,3D Fix,0.5,17,40
5800,26,9/3/2009 11:59,43.331328,-79.79213,3D Fix,0.5,17.8,40
5801,26,9/3/2009 11:59,43.331298,-79.792077,3D Fix,0.5,18.5,40
5802,26,9/3/2009 11:59,43.331263,-79.792027,3D Fix,0.5,18.5,40
5803,26,9/3/2009 11:59,43.331228,-79.791985,3D Fix,0.5,17.8,40
5804,26,9/3/2009 11:59,43.331192,-79.791948,3D Fix,0.5,17,40
5805,26,9/3/2009 11:59,43.331155,-79.791913,3D Fix,0.5,16.3,40
5806,26,9/3/2009 11:59,43.331122,-79.791877,3D Fix,0.5,16.3,40
5807,26,9/3/2009 11:59,43.331093,-79.791838,3D Fix,0.5,14.1,40
5808,26,9/3/2009 11:59,43.331072,-79.791805,3D Fix,0.5,11.1,40
5809,26,9/3/2009 11:59,43.331055,-79.791777,3D Fix,0.5,8.1,40
5810,26,9/3/2009 11:59,43.331045,-79.791755,3D Fix,0.5,5.9,40
5811,26,9/3/2009 11:59,43.331033,-79.79174,3D Fix,0.5,5.9,40
5812,26,9/3/2009 11:59,43.33102,-79.791717,3D Fix,0.5,8.9,40
5813,26,9/3/2009 11:59,43.331,-79.791687,3D Fix,0.5,12.6,40
5814,26,9/3/2009 11:59,43.330978,-79.791645,3D Fix,0.5,14.8,40
5815,26,9/3/2009 11:59,43.330952,-79.791603,3D Fix,0.5,17,40
5816,26,9/3/2009 11:59,43.33092,-79.791553,3D Fix,0.5,20.7,40
5817,26,9/3/2009 11:59,43.330883,-79.791492,3D Fix,0.5,23.7,40
5818,26,9/3/2009 11:59,43.330843,-79.791423,3D Fix,0.5,24.4,40
5819,26,9/3/2009 11:59,43.330803,-79.791362,3D Fix,0.5,23,40
5820,26,9/3/2009 11:59,43.330762,-79.791302,3D Fix,0.6,23,40
5821,26,9/3/2009 11:59,43.33072,-79.791243,3D Fix,0.5,23.7,40
5822,26,9/3/2009 11:59,43.330675,-79.791182,3D Fix,0.5,25.2,40
5823,26,9/3/2009 11:59,43.330625,-79.791118,3D Fix,0.5,26.7,40
5824,26,9/3/2009 11:59,43.330575,-79.791055,3D Fix,0.5,26.7,40
5825,26,9/3/2009 11:59,43.330525,-79.790992,3D Fix,0.5,26.7,40
5826,26,9/3/2009 11:59,43.330477,-79.790927,3D Fix,0.5,25.9,40
5827,26,9/3/2009 11:59,43.330433,-79.790862,3D Fix,0.5,24.4,40
5828,26,9/3/2009 11:59,43.330392,-79.790798,3D Fix,0.5,23.7,40
5829,26,9/3/2009 11:59,43.330352,-79.790738,3D Fix,0.5,21.5,40
5830,26,9/3/2009 11:59,43.33032,-79.790688,3D Fix,0.5,17,40
5831,26,9/3/2009 11:59,43.330293,-79.790652,3D Fix,0.5,11.9,40
5832,26,9/3/2009 11:59,43.330273,-79.790623,3D Fix,0.5,10.4,40
5833,26,9/3/2009 11:59,43.330253,-79.790597,3D Fix,0.8,11.1,40
5834,26,9/3/2009 11:59,43.330232,-79.790563,3D Fix,0.8,13.3,40
5835,26,9/3/2009 11:59,43.330208,-79.790523,3D Fix,0.5,15.6,40
5836,26,9/3/2009 11:59,43.330178,-79.790477,3D Fix,0.5,17.8,40
5837,26,9/3/2009 11:59,43.330147,-79.790427,3D Fix,0.5,18.5,40
5838,26,9/3/2009 11:59,43.330112,-79.790375,3D Fix,0.5,20,40
5839,26,9/3/2009 11:59,43.330077,-79.79032,3D Fix,0.5,19.3,40
5840,26,9/3/2009 11:59,43.330042,-79.790268,3D Fix,0.5,20,40
5841,26,9/3/2009 11:59,43.330007,-79.79022,3D Fix,0.5,19.3,40
5842,26,9/3/2009 11:59,43.329972,-79.790173,3D Fix,0.5,18.5,40
5843,26,9/3/2009 11:59,43.32994,-79.790122,3D Fix,0.5,17.8,40
5844,26,9/3/2009 11:59,43.329908,-79.79008,3D Fix,0.5,17,40
5845,26,9/3/2009 11:59,43.329873,-79.790045,3D Fix,0.5,15.6,40
5846,26,9/3/2009 11:59,43.329842,-79.790017,3D Fix,0.5,14.1,40
5847,26,9/3/2009 11:59,43.329817,-79.789995,3D Fix,0.5,9.6,40
5848,26,9/3/2009 11:59,43.329795,-79.789973,3D Fix,0.5,9.6,40
5849,26,9/3/2009 11:59,43.329773,-79.789948,3D Fix,0.6,10.4,40
5850,26,9/3/2009 11:59,43.329755,-79.789923,3D Fix,0.5,10.4,40
5851,26,9/3/2009 11:59,43.329733,-79.789895,3D Fix,0.5,11.9,40
5852,26,9/3/2009 11:59,43.329713,-79.789865,3D Fix,0.5,12.6,40
5853,26,9/3/2009 11:59,43.32969,-79.789832,3D Fix,0.5,12.6,40
5854,26,9/3/2009 11:59,43.329665,-79.789797,3D Fix,0.5,13.3,40
5855,26,9/3/2009 11:59,43.329642,-79.78976,3D Fix,0.5,14.1,40
5856,26,9/3/2009 11:59,43.329618,-79.78972,3D Fix,0.6,14.1,40
5857,26,9/3/2009 12:00,43.329595,-79.789683,3D Fix,0.5,11.9,40
5858,26,9/3/2009 12:00,43.329578,-79.789653,3D Fix,0.5,8.1,40
5859,26,9/3/2009 12:00,43.329568,-79.789638,3D Fix,0.5,3,40
5860,26,9/3/2009 12:00,43.329563,-79.789633,3D Fix,0.5,0.7,40
5861,26,9/3/2009 12:00,43.329563,-79.789632,3D Fix,0.5,0,40
5862,26,9/3/2009 12:00,43.329563,-79.789632,3D Fix,0.5,0,40
5863,26,9/3/2009 12:00,43.329563,-79.789632,3D Fix,0.5,0,40
5864,26,9/3/2009 12:00,43.329562,-79.78963,3D Fix,0.5,0,40
5865,26,9/3/2009 12:00,43.329562,-79.78963,3D Fix,0.5,0,40
5866,26,9/3/2009 12:01,43.329543,-79.78963,3D Fix,0.5,0,40
5867,26,9/3/2009 12:01,43.329543,-79.789632,3D Fix,0.5,0,40
5868,26,9/3/2009 12:01,43.329547,-79.789632,3D Fix,0.5,0,40
5869,26,9/3/2009 12:01,43.32955,-79.789623,3D Fix,0.5,0.7,40
5870,26,9/3/2009 12:01,43.329557,-79.789608,3D Fix,0.5,3,40
5871,26,9/3/2009 12:01,43.329553,-79.7896,3D Fix,0.5,3.7,40
5872,26,9/3/2009 12:01,43.329547,-79.789593,3D Fix,0.5,5.2,40
5873,26,9/3/2009 12:01,43.329538,-79.789582,3D Fix,0.5,6.7,40
5874,26,9/3/2009 12:01,43.329525,-79.789562,3D Fix,0.5,9.6,40
5875,26,9/3/2009 12:01,43.32951,-79.789533,3D Fix,0.5,11.9,40
5876,26,9/3/2009 12:01,43.329488,-79.7895,3D Fix,0.5,14.1,40
5877,26,9/3/2009 12:02,43.329462,-79.78946,3D Fix,0.5,15.6,40
5878,26,9/3/2009 12:02,43.329432,-79.789415,3D Fix,0.5,17,40
5879,26,9/3/2009 12:02,43.329402,-79.789362,3D Fix,0.5,19.3,40
5880,26,9/3/2009 12:02,43.329368,-79.789305,3D Fix,0.5,20,40
5881,26,9/3/2009 12:02,43.329333,-79.789252,3D Fix,0.5,20.7,40
5882,26,9/3/2009 12:02,43.329293,-79.789198,3D Fix,0.5,21.5,40
5883,26,9/3/2009 12:02,43.329253,-79.789145,3D Fix,0.5,22.2,40
5884,26,9/3/2009 12:02,43.329208,-79.789095,3D Fix,0.5,21.5,40
5885,26,9/3/2009 12:02,43.329163,-79.789047,3D Fix,0.5,23.7,40
5886,26,9/3/2009 12:02,43.329112,-79.789,3D Fix,0.5,23.7,40
5887,26,9/3/2009 12:02,43.329062,-79.788955,3D Fix,0.5,23,40
5888,26,9/3/2009 12:02,43.329012,-79.788913,3D Fix,0.5,22.2,40
5889,26,9/3/2009 12:02,43.328962,-79.788873,3D Fix,0.5,22.2,40
5890,26,9/3/2009 12:02,43.32891,-79.788833,3D Fix,0.5,23,40
5891,26,9/3/2009 12:02,43.32886,-79.788795,3D Fix,0.5,22.2,40
5892,26,9/3/2009 12:02,43.32881,-79.788757,3D Fix,0.5,22.2,40
5893,26,9/3/2009 12:02,43.32876,-79.788715,3D Fix,0.5,22.2,40
5894,26,9/3/2009 12:02,43.32871,-79.788677,3D Fix,0.5,23,40
5895,26,9/3/2009 12:02,43.32866,-79.788635,3D Fix,0.5,22.2,40
5896,26,9/3/2009 12:02,43.328608,-79.7886,3D Fix,0.5,21.5,40
5897,26,9/3/2009 12:02,43.32856,-79.788568,3D Fix,0.5,20,40
5898,26,9/3/2009 12:02,43.328515,-79.78854,3D Fix,0.6,18.5,40
5899,26,9/3/2009 12:02,43.328477,-79.788513,3D Fix,0.5,15.6,40
5900,26,9/3/2009 12:02,43.32845,-79.788492,3D Fix,0.5,9.6,40
5901,26,9/3/2009 12:02,43.328433,-79.788475,3D Fix,0.5,5.9,40
5902,26,9/3/2009 12:02,43.328422,-79.788463,3D Fix,0.5,5.2,40
5903,26,9/3/2009 12:02,43.328412,-79.788452,3D Fix,0.5,5.2,40
5904,26,9/3/2009 12:02,43.328405,-79.788445,3D Fix,0.5,0.7,40
5905,26,9/3/2009 12:02,43.328403,-79.788445,3D Fix,0.5,0,40
5906,26,9/3/2009 12:02,43.328405,-79.788445,3D Fix,0.5,0,40
5907,26,9/3/2009 12:02,43.328403,-79.788447,3D Fix,0.5,0,40
5908,26,9/3/2009 12:02,43.328403,-79.788447,3D Fix,0.5,0,40
5909,26,9/3/2009 12:02,43.328402,-79.788447,3D Fix,0.5,0,40
5910,26,9/3/2009 12:02,43.328402,-79.788447,3D Fix,0.5,0,40
5911,26,9/3/2009 12:02,43.3284,-79.788447,3D Fix,0.5,0,40
5912,26,9/3/2009 12:02,43.3284,-79.788448,3D Fix,0.5,0,40
5913,26,9/3/2009 12:02,43.328398,-79.788448,3D Fix,0.5,0,40
5914,26,9/3/2009 12:02,43.328398,-79.78845,3D Fix,0.5,0,40
5915,26,9/3/2009 12:02,43.328397,-79.78845,3D Fix,0.5,0,40
5916,26,9/3/2009 12:02,43.328397,-79.788452,3D Fix,0.5,0,40
5917,26,9/3/2009 12:02,43.328395,-79.788452,3D Fix,0.5,0,40
5918,26,9/3/2009 12:02,43.328393,-79.788453,3D Fix,0.5,0,40
5919,26,9/3/2009 12:02,43.328393,-79.788453,3D Fix,0.5,0,40
5920,26,9/3/2009 12:02,43.328392,-79.788455,3D Fix,0.5,0,40
5921,26,9/3/2009 12:02,43.328392,-79.788457,3D Fix,0.5,0,40
5922,26,9/3/2009 12:02,43.328392,-79.788457,3D Fix,0.5,0,40
5923,26,9/3/2009 12:02,43.32839,-79.788457,3D Fix,0.5,0,40
5924,26,9/3/2009 12:02,43.32839,-79.788457,3D Fix,0.5,0,40
5925,26,9/3/2009 12:02,43.328387,-79.788453,3D Fix,0.5,0.7,40
5926,26,9/3/2009 12:02,43.328387,-79.788452,3D Fix,0.5,0.7,40
5927,26,9/3/2009 12:02,43.328383,-79.788448,3D Fix,0.5,0,40
5928,26,9/3/2009 12:02,43.32838,-79.788447,3D Fix,0.5,0.7,40
5929,26,9/3/2009 12:02,43.328377,-79.788442,3D Fix,0.5,1.5,40
5930,26,9/3/2009 12:02,43.328372,-79.788435,3D Fix,0.5,1.5,40
5931,26,9/3/2009 12:02,43.328367,-79.78843,3D Fix,0.5,1.5,40
5932,26,9/3/2009 12:02,43.328362,-79.788423,3D Fix,0.5,3,40
5933,26,9/3/2009 12:02,43.328355,-79.788412,3D Fix,0.5,3.7,40
5934,26,9/3/2009 12:02,43.32835,-79.788387,3D Fix,0.5,10.4,40
5935,26,9/3/2009 12:02,43.32835,-79.788342,3D Fix,0.5,14.8,40
5936,26,9/3/2009 12:02,43.328362,-79.788283,3D Fix,0.5,19.3,40
5937,26,9/3/2009 12:03,43.328388,-79.788217,3D Fix,0.5,23.7,40
5938,26,9/3/2009 12:03,43.328425,-79.78814,3D Fix,0.5,28.2,40
5939,26,9/3/2009 12:03,43.32847,-79.788053,3D Fix,0.5,32.6,40
5940,26,9/3/2009 12:03,43.328522,-79.787953,3D Fix,0.5,35.6,40
5941,26,9/3/2009 12:03,43.328575,-79.787847,3D Fix,0.5,38.5,40
5942,26,9/3/2009 12:03,43.328632,-79.787728,3D Fix,0.5,41.5,40
5943,26,9/3/2009 12:03,43.328692,-79.787605,3D Fix,0.6,43.7,40
5944,26,9/3/2009 12:03,43.328753,-79.787477,3D Fix,0.5,44.4,40
5945,26,9/3/2009 12:03,43.328815,-79.787347,3D Fix,0.5,44.4,40
5946,26,9/3/2009 12:03,43.328877,-79.787215,3D Fix,0.5,44.4,40
5947,26,9/3/2009 12:03,43.328938,-79.787087,3D Fix,0.5,43.7,40
5948,26,9/3/2009 12:03,43.328998,-79.78696,3D Fix,0.5,43.7,40
5949,26,9/3/2009 12:03,43.329058,-79.786833,3D Fix,0.5,43,40
5950,26,9/3/2009 12:03,43.32912,-79.786708,3D Fix,0.5,43,40
5951,26,9/3/2009 12:03,43.32918,-79.786585,3D Fix,0.5,43,40
5952,26,9/3/2009 12:03,43.32924,-79.786463,3D Fix,0.6,41.5,40
5953,26,9/3/2009 12:03,43.329298,-79.786347,3D Fix,0.5,40,40
5954,26,9/3/2009 12:03,43.329355,-79.78623,3D Fix,0.8,40,40
5955,26,9/3/2009 12:03,43.32941,-79.786115,3D Fix,0.8,39.3,40
5956,26,9/3/2009 12:03,43.329465,-79.786002,3D Fix,0.5,39.3,40
5957,26,9/3/2009 12:03,43.32952,-79.78589,3D Fix,0.6,38.5,40
5958,26,9/3/2009 12:03,43.329573,-79.785778,3D Fix,0.6,38.5,40
5959,26,9/3/2009 12:03,43.329627,-79.78567,3D Fix,0.6,37,40
5960,26,9/3/2009 12:03,43.32968,-79.785563,3D Fix,0.5,37,40
5961,26,9/3/2009 12:03,43.329732,-79.785458,3D Fix,0.5,36.3,40
5962,26,9/3/2009 12:03,43.329783,-79.785353,3D Fix,0.7,35.6,40
5963,26,9/3/2009 12:03,43.329832,-79.78525,3D Fix,0.7,35.6,40
5964,26,9/3/2009 12:03,43.329882,-79.785145,3D Fix,0.5,37,40
5965,26,9/3/2009 12:03,43.329933,-79.785037,3D Fix,0.5,37.8,40
5966,26,9/3/2009 12:03,43.329988,-79.784925,3D Fix,0.5,39.3,40
5967,26,9/3/2009 12:03,43.330043,-79.784812,3D Fix,0.5,39.3,40
5968,26,9/3/2009 12:03,43.330098,-79.784697,3D Fix,0.5,39.3,40
5969,26,9/3/2009 12:03,43.330153,-79.784587,3D Fix,0.5,37.8,40
5970,26,9/3/2009 12:03,43.330207,-79.784478,3D Fix,0.5,37,40
5971,26,9/3/2009 12:03,43.330258,-79.78437,3D Fix,0.5,37,50
5972,26,9/3/2009 12:03,43.33031,-79.784263,3D Fix,0.5,37.8,50
5973,26,9/3/2009 12:03,43.330365,-79.784153,3D Fix,0.5,38.5,50
5974,26,9/3/2009 12:03,43.330418,-79.784038,3D Fix,0.5,40,50
5975,26,9/3/2009 12:03,43.330473,-79.783923,3D Fix,0.5,39.3,50
5976,26,9/3/2009 12:03,43.330528,-79.78381,3D Fix,0.5,39.3,50
5977,26,9/3/2009 12:03,43.330583,-79.783693,3D Fix,0.5,40,50
5978,26,9/3/2009 12:03,43.33064,-79.783573,3D Fix,0.5,42.2,50
5979,26,9/3/2009 12:03,43.330697,-79.78345,3D Fix,0.6,43.7,50
5980,26,9/3/2009 12:03,43.33076,-79.783318,3D Fix,0.5,45.2,50
5981,26,9/3/2009 12:03,43.330825,-79.783183,3D Fix,0.5,46.7,50
5982,26,9/3/2009 12:03,43.330892,-79.78304,3D Fix,0.5,48.9,50
5983,26,9/3/2009 12:03,43.330958,-79.782897,3D Fix,0.5,47.4,50
5984,26,9/3/2009 12:03,43.331022,-79.782755,3D Fix,0.5,46.7,50
5985,26,9/3/2009 12:03,43.331085,-79.782617,3D Fix,0.8,45.9,50
5986,26,9/3/2009 12:03,43.33115,-79.782483,3D Fix,0.8,45.2,50
5987,26,9/3/2009 12:03,43.331213,-79.782353,3D Fix,0.5,43.7,50
5988,26,9/3/2009 12:03,43.331273,-79.782228,3D Fix,0.5,43,50
5989,26,9/3/2009 12:03,43.331332,-79.782103,3D Fix,0.5,42.2,50
5990,26,9/3/2009 12:03,43.33139,-79.781982,3D Fix,0.5,41.5,50
5991,26,9/3/2009 12:03,43.331447,-79.781862,3D Fix,0.5,40.7,50
5992,26,9/3/2009 12:03,43.331498,-79.781743,3D Fix,0.5,39.3,50
5993,26,9/3/2009 12:03,43.331548,-79.781637,3D Fix,0.7,34.8,50
5994,26,9/3/2009 12:03,43.331595,-79.78155,3D Fix,0.7,28.2,50
5995,26,9/3/2009 12:03,43.331638,-79.781485,3D Fix,0.6,23,50
5996,26,9/3/2009 12:03,43.331682,-79.781442,3D Fix,0.5,19.3,50
5997,26,9/3/2009 12:04,43.331722,-79.78142,3D Fix,0.5,16.3,50
5998,26,9/3/2009 12:04,43.331762,-79.781418,3D Fix,0.5,14.1,50
5999,26,9/3/2009 12:04,43.331793,-79.781433,3D Fix,0.5,11.9,50
6000,26,9/3/2009 12:04,43.331817,-79.781455,3D Fix,0.5,9.6,50
6001,26,9/3/2009 12:04,43.331835,-79.78148,3D Fix,0.5,8.9,50
6002,26,9/3/2009 12:04,43.331848,-79.781498,3D Fix,0.5,4.4,50
6003,26,9/3/2009 12:04,43.331852,-79.781512,3D Fix,0.5,1.5,50
6004,26,9/3/2009 12:04,43.33185,-79.781518,3D Fix,0.5,0,50
6005,26,9/3/2009 12:04,43.331848,-79.781523,3D Fix,0.5,0,50
6006,26,9/3/2009 12:04,43.331845,-79.78153,3D Fix,0.5,0,50
6007,26,9/3/2009 12:04,43.331843,-79.781537,3D Fix,0.5,0,50
6008,26,9/3/2009 12:04,43.33184,-79.781542,3D Fix,0.5,0,50
6009,26,9/3/2009 12:04,43.331837,-79.781547,3D Fix,0.5,0,50
6010,26,9/3/2009 12:08,43.33182,-79.781607,3D Fix,0.7,0,50
6011,26,9/3/2009 12:08,43.331823,-79.781622,3D Fix,0.5,0,50
6012,26,9/3/2009 12:08,43.331832,-79.781628,3D Fix,0.5,0.7,50
6013,26,9/3/2009 12:08,43.331838,-79.781637,3D Fix,0.5,3.7,50
6014,26,9/3/2009 12:08,43.33185,-79.781655,3D Fix,0.5,8.1,50
6015,26,9/3/2009 12:08,43.331862,-79.78169,3D Fix,0.5,13.3,50
6016,26,9/3/2009 12:08,43.331887,-79.781728,3D Fix,0.5,17,50
6017,26,9/3/2009 12:08,43.331918,-79.781778,3D Fix,0.5,21.5,50
6018,26,9/3/2009 12:08,43.331958,-79.78184,3D Fix,0.5,24.4,50
6019,26,9/3/2009 12:08,43.332002,-79.781902,3D Fix,0.5,24.4,50
6020,26,9/3/2009 12:08,43.332057,-79.78196,3D Fix,0.5,27.4,50
6021,26,9/3/2009 12:08,43.332107,-79.782028,3D Fix,0.5,28.9,50
6022,26,9/3/2009 12:08,43.33216,-79.782105,3D Fix,0.5,30.4,50
6023,26,9/3/2009 12:08,43.332217,-79.782183,3D Fix,0.5,31.1,50
6024,26,9/3/2009 12:08,43.332273,-79.782265,3D Fix,0.5,31.1,50
6025,26,9/3/2009 12:08,43.332328,-79.782342,3D Fix,0.5,30.4,50
6026,26,9/3/2009 12:08,43.332382,-79.782415,3D Fix,0.5,28.9,50
6027,26,9/3/2009 12:08,43.332427,-79.782485,3D Fix,0.5,25.9,50
6028,26,9/3/2009 12:08,43.332472,-79.782542,3D Fix,0.5,21.5,50
6029,26,9/3/2009 12:08,43.33251,-79.782583,3D Fix,0.5,16.3,50
6030,26,9/3/2009 12:08,43.332538,-79.782608,3D Fix,0.5,11.9,50
6031,26,9/3/2009 12:08,43.332567,-79.782617,3D Fix,0.5,8.1,50
6032,26,9/3/2009 12:08,43.33259,-79.782615,3D Fix,0.5,8.1,50
6033,26,9/3/2009 12:08,43.332615,-79.7826,3D Fix,0.5,11.1,50
6034,26,9/3/2009 12:08,43.332645,-79.782568,3D Fix,0.5,16.3,50
6035,26,9/3/2009 12:08,43.33268,-79.782518,3D Fix,0.5,20.7,50
6036,26,9/3/2009 12:08,43.332715,-79.78245,3D Fix,0.5,23.7,50
6037,26,9/3/2009 12:08,43.33275,-79.782375,3D Fix,0.5,27.4,50
6038,26,9/3/2009 12:08,43.332793,-79.782283,3D Fix,0.5,30.4,50
6039,26,9/3/2009 12:08,43.332837,-79.782182,3D Fix,0.5,33.3,50
6040,26,9/3/2009 12:08,43.332883,-79.782075,3D Fix,0.5,34.8,50
6041,26,9/3/2009 12:08,43.332933,-79.781962,3D Fix,0.5,38.5,50
6042,26,9/3/2009 12:08,43.332987,-79.781842,3D Fix,0.5,39.3,50
6043,26,9/3/2009 12:08,43.33304,-79.781718,3D Fix,0.5,40,50
6044,26,9/3/2009 12:08,43.333093,-79.781595,3D Fix,0.7,40,50
6045,26,9/3/2009 12:08,43.33315,-79.781472,3D Fix,0.7,40.7,50
6046,26,9/3/2009 12:08,43.333207,-79.781348,3D Fix,0.5,41.5,50
6047,26,9/3/2009 12:08,43.333265,-79.781223,3D Fix,0.5,42.2,50
6048,26,9/3/2009 12:09,43.333322,-79.7811,3D Fix,0.5,40,50
6049,26,9/3/2009 12:09,43.333375,-79.780987,3D Fix,0.5,37,50
6050,26,9/3/2009 12:09,43.333422,-79.780882,3D Fix,0.5,32.6,50
6051,26,9/3/2009 12:09,43.33346,-79.780795,3D Fix,0.5,25.9,50
6052,26,9/3/2009 12:09,43.33349,-79.780728,3D Fix,0.7,19.3,50
6053,26,9/3/2009 12:09,43.333508,-79.780683,3D Fix,0.7,12.6,50
6054,26,9/3/2009 12:09,43.333523,-79.780653,3D Fix,0.5,9.6,50
6055,26,9/3/2009 12:09,43.333535,-79.780627,3D Fix,0.5,6.7,50
6056,26,9/3/2009 12:09,43.333543,-79.78061,3D Fix,0.5,3.7,50
6057,26,9/3/2009 12:09,43.333547,-79.780602,3D Fix,0.5,1.5,50
6058,26,9/3/2009 12:09,43.33355,-79.780593,3D Fix,0.5,2.2,50
6059,26,9/3/2009 12:09,43.333553,-79.780588,3D Fix,0.5,0.7,50
6060,26,9/3/2009 12:09,43.333555,-79.780583,3D Fix,0.5,2.2,50
6061,26,9/3/2009 12:09,43.333562,-79.780572,3D Fix,0.5,6.7,50
6062,26,9/3/2009 12:09,43.333573,-79.780543,3D Fix,0.5,11.1,50
6063,26,9/3/2009 12:09,43.333593,-79.780497,3D Fix,0.5,17.8,50
6064,26,9/3/2009 12:09,43.333622,-79.780428,3D Fix,0.7,24.4,50
6065,26,9/3/2009 12:09,43.333653,-79.780348,3D Fix,0.5,25.9,50
6066,26,9/3/2009 12:09,43.333687,-79.780267,3D Fix,0.5,26.7,50
6067,26,9/3/2009 12:09,43.333722,-79.780185,3D Fix,0.5,27.4,50
6068,26,9/3/2009 12:09,43.333758,-79.7801,3D Fix,0.7,28.2,50
6069,26,9/3/2009 12:09,43.333797,-79.780012,3D Fix,0.5,29.6,50
6070,26,9/3/2009 12:09,43.333838,-79.779922,3D Fix,0.7,29.6,50
6071,26,9/3/2009 12:09,43.333877,-79.779833,3D Fix,0.5,29.6,50
6072,26,9/3/2009 12:09,43.333917,-79.77975,3D Fix,0.5,27.4,50
6073,26,9/3/2009 12:09,43.33395,-79.779675,3D Fix,0.5,23,50
6074,26,9/3/2009 12:09,43.33398,-79.779615,3D Fix,0.5,17,50
6075,26,9/3/2009 12:09,43.333998,-79.779577,3D Fix,0.5,10.4,50
6076,26,9/3/2009 12:09,43.33401,-79.779555,3D Fix,0.5,5.2,50
6077,26,9/3/2009 12:09,43.334017,-79.779542,3D Fix,0.5,4.4,50
6078,26,9/3/2009 12:09,43.334023,-79.77953,3D Fix,0.5,3.7,50
6079,26,9/3/2009 12:09,43.334035,-79.779518,3D Fix,0.5,7.4,50
6080,26,9/3/2009 12:09,43.334063,-79.77951,3D Fix,0.5,14.8,50
6081,26,9/3/2009 12:09,43.334108,-79.779513,3D Fix,0.5,20,50
6082,26,9/3/2009 12:09,43.334162,-79.779547,3D Fix,0.5,25.9,50
6083,26,9/3/2009 12:09,43.334218,-79.779613,3D Fix,0.5,31.1,50
6084,26,9/3/2009 12:09,43.334282,-79.779697,3D Fix,0.5,34.8,50
6085,26,9/3/2009 12:09,43.334347,-79.779797,3D Fix,0.5,39.3,50
6086,26,9/3/2009 12:09,43.334422,-79.779903,3D Fix,0.5,43,50
6087,26,9/3/2009 12:09,43.334502,-79.780015,3D Fix,0.5,44.4,50
6088,26,9/3/2009 12:09,43.334585,-79.78013,3D Fix,0.5,46.7,50
6089,26,9/3/2009 12:09,43.33467,-79.78025,3D Fix,0.5,47.4,50
6090,26,9/3/2009 12:09,43.33476,-79.780372,3D Fix,0.5,48.9,50
6091,26,9/3/2009 12:09,43.334855,-79.780492,3D Fix,0.5,49.6,50
6092,26,9/3/2009 12:09,43.334943,-79.780612,3D Fix,0.5,48.9,50
6093,26,9/3/2009 12:09,43.335033,-79.780732,3D Fix,0.5,49.6,50
6094,26,9/3/2009 12:09,43.335125,-79.780853,3D Fix,0.5,49.6,50
6095,26,9/3/2009 12:09,43.335218,-79.780973,3D Fix,0.5,49.6,50
6096,26,9/3/2009 12:09,43.33531,-79.781095,3D Fix,0.5,49.6,50
6097,26,9/3/2009 12:09,43.335402,-79.781215,3D Fix,0.5,49.6,50
6098,26,9/3/2009 12:09,43.33549,-79.781337,3D Fix,0.5,48.9,50
6099,26,9/3/2009 12:09,43.33558,-79.78146,3D Fix,0.5,49.6,50
6100,26,9/3/2009 12:09,43.335668,-79.781585,3D Fix,0.5,50.4,50
6101,26,9/3/2009 12:09,43.33576,-79.781708,3D Fix,0.5,50.4,50
6102,26,9/3/2009 12:09,43.335848,-79.781833,3D Fix,0.5,50.4,50
6103,26,9/3/2009 12:09,43.335938,-79.781958,3D Fix,0.5,49.6,50
6104,26,9/3/2009 12:09,43.336027,-79.78208,3D Fix,0.5,49.6,50
6105,26,9/3/2009 12:09,43.336118,-79.782203,3D Fix,0.5,50.4,50
6106,26,9/3/2009 12:09,43.336208,-79.782325,3D Fix,0.5,49.6,50
6107,26,9/3/2009 12:09,43.3363,-79.782445,3D Fix,0.5,49.6,50
6108,26,9/3/2009 12:10,43.33639,-79.782568,3D Fix,0.5,49.6,50
6109,26,9/3/2009 12:10,43.33648,-79.78269,3D Fix,0.5,49.6,50
6110,26,9/3/2009 12:10,43.33657,-79.782813,3D Fix,0.5,50.4,50
6111,26,9/3/2009 12:10,43.336662,-79.782938,3D Fix,0.5,51.1,50
6112,26,9/3/2009 12:10,43.336752,-79.783067,3D Fix,0.5,51.9,50
6113,26,9/3/2009 12:10,43.336847,-79.783195,3D Fix,0.5,52.6,50
6114,26,9/3/2009 12:10,43.336942,-79.783325,3D Fix,0.5,53.3,50
6115,26,9/3/2009 12:10,43.337038,-79.783453,3D Fix,0.5,53.3,50
6116,26,9/3/2009 12:10,43.337137,-79.783583,3D Fix,0.5,53.3,50
6117,26,9/3/2009 12:10,43.337233,-79.783713,3D Fix,0.5,54.1,50
6118,26,9/3/2009 12:10,43.33733,-79.783843,3D Fix,0.5,53.3,50
6119,26,9/3/2009 12:10,43.337427,-79.783972,3D Fix,0.5,52.6,40
6120,26,9/3/2009 12:10,43.33752,-79.784097,3D Fix,0.5,51.1,40
6121,26,9/3/2009 12:10,43.337613,-79.78422,3D Fix,0.5,50.4,50
6122,26,9/3/2009 12:10,43.337703,-79.78434,3D Fix,0.5,49.6,50
6123,26,9/3/2009 12:10,43.337792,-79.784457,3D Fix,0.5,48.2,50
6124,26,9/3/2009 12:10,43.337877,-79.784573,3D Fix,0.5,47.4,50
6125,26,9/3/2009 12:10,43.33796,-79.78469,3D Fix,0.5,47.4,50
6126,26,9/3/2009 12:10,43.338042,-79.784808,3D Fix,0.5,47.4,50
6127,26,9/3/2009 12:10,43.338123,-79.784927,3D Fix,0.5,47.4,50
6128,26,9/3/2009 12:10,43.338203,-79.785048,3D Fix,0.5,47.4,50
6129,26,9/3/2009 12:10,43.338283,-79.78517,3D Fix,0.5,47.4,50
6130,26,9/3/2009 12:10,43.338363,-79.785292,3D Fix,0.5,47.4,50
6131,26,9/3/2009 12:10,43.338445,-79.785412,3D Fix,0.5,47.4,50
6132,26,9/3/2009 12:10,43.338525,-79.78553,3D Fix,0.5,46.7,50
6133,26,9/3/2009 12:10,43.338605,-79.785647,3D Fix,0.5,45.9,50
6134,26,9/3/2009 12:10,43.338683,-79.785762,3D Fix,0.5,45.2,50
6135,26,9/3/2009 12:10,43.338762,-79.785873,3D Fix,0.5,44.4,50
6136,26,9/3/2009 12:10,43.33884,-79.78598,3D Fix,0.5,43.7,50
6137,26,9/3/2009 12:10,43.338923,-79.786082,3D Fix,0.5,44.4,50
6138,26,9/3/2009 12:10,43.33901,-79.786185,3D Fix,0.5,45.2,50
6139,26,9/3/2009 12:10,43.339095,-79.78629,3D Fix,0.5,45.9,50
6140,26,9/3/2009 12:10,43.339182,-79.7864,3D Fix,0.5,46.7,50
6141,26,9/3/2009 12:10,43.339268,-79.78651,3D Fix,0.5,46.7,50
6142,26,9/3/2009 12:10,43.339353,-79.786622,3D Fix,0.5,46.7,50
6143,26,9/3/2009 12:10,43.339435,-79.786735,3D Fix,0.5,45.2,50
6144,26,9/3/2009 12:10,43.339513,-79.786845,3D Fix,0.5,44.4,50
6145,26,9/3/2009 12:10,43.339593,-79.786953,3D Fix,0.5,43.7,50
6146,26,9/3/2009 12:10,43.339672,-79.787058,3D Fix,0.5,43,50
6147,26,9/3/2009 12:10,43.339748,-79.78716,3D Fix,0.5,42.2,50
6148,26,9/3/2009 12:10,43.339822,-79.787258,3D Fix,0.5,40,50
6149,26,9/3/2009 12:10,43.339888,-79.787348,3D Fix,0.5,35.6,50
6150,26,9/3/2009 12:10,43.339947,-79.787423,3D Fix,0.5,28.9,50
6151,26,9/3/2009 12:10,43.33999,-79.787487,3D Fix,0.5,22.2,50
6152,26,9/3/2009 12:10,43.340022,-79.787532,3D Fix,0.5,15.6,50
6153,26,9/3/2009 12:10,43.340047,-79.787565,3D Fix,0.5,13.3,50
6154,26,9/3/2009 12:10,43.34007,-79.787595,3D Fix,0.5,13.3,50
6155,26,9/3/2009 12:10,43.340097,-79.787632,3D Fix,0.5,16.3,50
6156,26,9/3/2009 12:10,43.340132,-79.787675,3D Fix,0.5,21.5,50
6157,26,9/3/2009 12:10,43.340173,-79.787728,3D Fix,0.5,25.2,50
6158,26,9/3/2009 12:10,43.340222,-79.787792,3D Fix,0.5,28.2,50
6159,26,9/3/2009 12:10,43.340275,-79.787863,3D Fix,0.5,31.1,50
6160,26,9/3/2009 12:10,43.340333,-79.787942,3D Fix,0.5,34.1,50
6161,26,9/3/2009 12:10,43.340398,-79.788027,3D Fix,0.5,36.3,50
6162,26,9/3/2009 12:10,43.340463,-79.788123,3D Fix,0.7,39.3,50
6163,26,9/3/2009 12:10,43.340535,-79.788223,3D Fix,0.7,41.5,50
6164,26,9/3/2009 12:10,43.34061,-79.788328,3D Fix,0.7,43.7,50
6165,26,9/3/2009 12:10,43.34069,-79.78844,3D Fix,0.7,45.2,50
6166,26,9/3/2009 12:10,43.340772,-79.788555,3D Fix,0.7,46.7,50
6167,26,9/3/2009 12:10,43.340857,-79.788673,3D Fix,0.7,48.2,50
6168,26,9/3/2009 12:11,43.340942,-79.788793,3D Fix,0.7,48.9,50
6169,26,9/3/2009 12:11,43.34103,-79.788913,3D Fix,0.7,48.9,50
6170,26,9/3/2009 12:11,43.341117,-79.789033,3D Fix,0.7,48.9,50
6171,26,9/3/2009 12:11,43.341205,-79.789153,3D Fix,0.7,48.9,50
6172,26,9/3/2009 12:11,43.341293,-79.789272,3D Fix,0.7,48.9,50
6173,26,9/3/2009 12:11,43.341382,-79.78939,3D Fix,0.5,48.2,50
6174,26,9/3/2009 12:11,43.341468,-79.789507,3D Fix,0.5,48.2,50
6175,26,9/3/2009 12:11,43.341552,-79.789625,3D Fix,0.5,47.4,50
6176,26,9/3/2009 12:11,43.341635,-79.78974,3D Fix,0.5,46.7,50
6177,26,9/3/2009 12:11,43.341717,-79.789852,3D Fix,0.5,45.2,50
6178,26,9/3/2009 12:11,43.341797,-79.78996,3D Fix,0.5,43.7,50
6179,26,9/3/2009 12:11,43.341875,-79.790063,3D Fix,0.5,42.2,50
6180,26,9/3/2009 12:11,43.341945,-79.790162,3D Fix,0.5,37.8,50
6181,26,9/3/2009 12:11,43.342008,-79.790247,3D Fix,0.5,33.3,50
6182,26,9/3/2009 12:11,43.342065,-79.790323,3D Fix,0.5,30.4,50
6183,26,9/3/2009 12:11,43.342117,-79.790392,3D Fix,0.5,26.7,50
6184,26,9/3/2009 12:11,43.342162,-79.790452,3D Fix,0.5,24.4,50
6185,26,9/3/2009 12:11,43.342205,-79.790507,3D Fix,0.5,23,50
6186,26,9/3/2009 12:11,43.342245,-79.790562,3D Fix,0.5,23,50
6187,26,9/3/2009 12:11,43.34229,-79.790618,3D Fix,0.5,25.2,50
6188,26,9/3/2009 12:11,43.342337,-79.79068,3D Fix,0.5,27.4,50
6189,26,9/3/2009 12:11,43.342387,-79.790752,3D Fix,0.5,29.6,50
6190,26,9/3/2009 12:11,43.342443,-79.790827,3D Fix,0.5,32.6,50
6191,26,9/3/2009 12:11,43.342505,-79.79091,3D Fix,0.5,34.8,50
6192,26,9/3/2009 12:11,43.34257,-79.790998,3D Fix,0.5,37.8,50
6193,26,9/3/2009 12:11,43.342638,-79.791092,3D Fix,0.5,40,50
6194,26,9/3/2009 12:11,43.342713,-79.791192,3D Fix,0.5,42.2,50
6195,26,9/3/2009 12:11,43.34279,-79.791295,3D Fix,0.5,43.7,50
6196,26,9/3/2009 12:11,43.342868,-79.791405,3D Fix,0.5,45.2,50
6197,26,9/3/2009 12:11,43.342952,-79.791515,3D Fix,0.5,45.9,50
6198,26,9/3/2009 12:11,43.343035,-79.791627,3D Fix,0.5,46.7,50
6199,26,9/3/2009 12:11,43.34312,-79.791742,3D Fix,0.5,48.2,50
6200,26,9/3/2009 12:11,43.343208,-79.79186,3D Fix,0.5,48.9,50
6201,26,9/3/2009 12:11,43.343297,-79.791978,3D Fix,0.5,48.9,50
6202,26,9/3/2009 12:11,43.343383,-79.792097,3D Fix,0.5,48.2,50
6203,26,9/3/2009 12:11,43.34347,-79.792213,3D Fix,0.5,48.2,50
6204,26,9/3/2009 12:11,43.343557,-79.792328,3D Fix,0.5,47.4,50
6205,26,9/3/2009 12:11,43.343642,-79.792445,3D Fix,0.5,47.4,50
6206,26,9/3/2009 12:11,43.343727,-79.79256,3D Fix,0.5,47.4,50
6207,26,9/3/2009 12:11,43.343812,-79.792673,3D Fix,0.5,46.7,50
6208,26,9/3/2009 12:11,43.343892,-79.792788,3D Fix,0.5,45.9,50
6209,26,9/3/2009 12:11,43.343973,-79.792902,3D Fix,0.5,45.9,50
6210,26,9/3/2009 12:11,43.344055,-79.793013,3D Fix,0.5,45.2,50
6211,26,9/3/2009 12:11,43.344137,-79.793123,3D Fix,0.5,45.2,50
6212,26,9/3/2009 12:11,43.344217,-79.793233,3D Fix,0.5,44.4,50
6213,26,9/3/2009 12:11,43.344295,-79.793342,3D Fix,0.5,43.7,50
6214,26,9/3/2009 12:11,43.34437,-79.793447,3D Fix,0.5,41.5,50
6215,26,9/3/2009 12:11,43.344438,-79.793542,3D Fix,0.5,36.3,50
6216,26,9/3/2009 12:11,43.344497,-79.793623,3D Fix,0.5,31.1,50
6217,26,9/3/2009 12:11,43.344548,-79.793695,3D Fix,0.5,27.4,50
6218,26,9/3/2009 12:11,43.344592,-79.793758,3D Fix,0.5,23.7,50
6219,26,9/3/2009 12:11,43.344628,-79.793812,3D Fix,0.5,20,50
6220,26,9/3/2009 12:11,43.344662,-79.793858,3D Fix,0.5,18.5,50
6221,26,9/3/2009 12:11,43.344693,-79.793898,3D Fix,0.5,16.3,50
6222,26,9/3/2009 12:11,43.344722,-79.793927,3D Fix,0.5,12.6,50
6223,26,9/3/2009 12:11,43.344747,-79.79394,3D Fix,0.5,9.6,50
6224,26,9/3/2009 12:11,43.344768,-79.793938,3D Fix,0.5,9.6,50
6225,26,9/3/2009 12:11,43.344788,-79.793925,3D Fix,0.5,8.1,50
6226,26,9/3/2009 12:11,43.344805,-79.793907,3D Fix,0.5,8.1,50
6227,26,9/3/2009 12:11,43.34482,-79.793887,3D Fix,0.5,8.1,50
6228,26,9/3/2009 12:12,43.344837,-79.79387,3D Fix,0.5,6.7,50
6229,26,9/3/2009 12:12,43.344847,-79.79386,3D Fix,0.5,3,50
6230,26,9/3/2009 12:12,43.344853,-79.793853,3D Fix,0.5,3,50
6231,26,9/3/2009 12:12,43.344863,-79.79385,3D Fix,0.5,5.9,50
6232,26,9/3/2009 12:12,43.34488,-79.793852,3D Fix,0.5,8.1,50
6233,26,9/3/2009 12:12,43.344903,-79.79386,3D Fix,0.5,10.4,50
6234,26,9/3/2009 12:12,43.344927,-79.793873,3D Fix,0.5,9.6,50
6235,26,9/3/2009 12:12,43.344947,-79.793888,3D Fix,0.5,8.9,50
6236,26,9/3/2009 12:12,43.344967,-79.7939,3D Fix,0.5,8.1,50
6237,26,9/3/2009 12:12,43.344978,-79.793907,3D Fix,0.5,2.2,50
6238,26,9/3/2009 12:12,43.34498,-79.793907,3D Fix,0.5,0,50
6239,26,9/3/2009 12:12,43.34498,-79.793907,3D Fix,0.5,0.7,50
6240,26,9/3/2009 12:12,43.344983,-79.793907,3D Fix,0.5,2.2,50
6241,26,9/3/2009 12:12,43.34499,-79.793907,3D Fix,0.5,3,50
6242,26,9/3/2009 12:12,43.345002,-79.793907,3D Fix,0.5,4.4,50
6243,26,9/3/2009 12:12,43.345013,-79.793905,3D Fix,0.5,5.2,50
6244,26,9/3/2009 12:12,43.345027,-79.793898,3D Fix,0.5,4.4,50
6245,26,9/3/2009 12:12,43.345035,-79.793893,3D Fix,0.5,3,50
6246,26,9/3/2009 12:12,43.345043,-79.793888,3D Fix,0.5,3,50
6247,26,9/3/2009 12:12,43.345052,-79.793885,3D Fix,0.5,2.2,50
6248,26,9/3/2009 12:12,43.34506,-79.793883,3D Fix,0.5,3.7,50
6249,26,9/3/2009 12:12,43.34507,-79.793887,3D Fix,0.5,4.4,50
6250,26,9/3/2009 12:12,43.345082,-79.793898,3D Fix,0.5,6.7,50
6251,26,9/3/2009 12:12,43.345097,-79.793917,3D Fix,0.5,8.9,50
6252,26,9/3/2009 12:12,43.345115,-79.793942,3D Fix,0.5,10.4,50
6253,26,9/3/2009 12:12,43.345132,-79.793968,3D Fix,0.5,10.4,50
6254,26,9/3/2009 12:12,43.34515,-79.79399,3D Fix,0.5,8.1,50
6255,26,9/3/2009 12:12,43.34516,-79.794005,3D Fix,0.5,4.4,50
6256,26,9/3/2009 12:12,43.345165,-79.79401,3D Fix,0.5,0,50
6257,26,9/3/2009 12:12,43.345165,-79.79401,3D Fix,0.5,0,50
6258,26,9/3/2009 12:12,43.345165,-79.79401,3D Fix,0.5,0,50
6259,26,9/3/2009 12:12,43.345163,-79.794008,3D Fix,0.5,0,50
6260,26,9/3/2009 12:12,43.345163,-79.794008,3D Fix,0.5,0,50
6261,26,9/3/2009 12:15,43.345157,-79.79398,3D Fix,0.5,0,50
6262,26,9/3/2009 12:15,43.345157,-79.793977,3D Fix,0.5,0,50
6263,26,9/3/2009 12:15,43.34516,-79.793977,3D Fix,0.5,0,50
6264,26,9/3/2009 12:15,43.34516,-79.793978,3D Fix,0.5,0,50
6265,26,9/3/2009 12:15,43.34516,-79.793978,3D Fix,0.5,0,50
6266,26,9/3/2009 12:15,43.34516,-79.793978,3D Fix,0.5,0,50
6267,26,9/3/2009 12:15,43.34516,-79.793978,3D Fix,0.5,0,50
6268,26,9/3/2009 12:15,43.34516,-79.793978,3D Fix,0.5,0,50
6269,26,9/3/2009 12:15,43.34516,-79.793978,3D Fix,0.5,0,50
6270,26,9/3/2009 12:15,43.34516,-79.793978,3D Fix,0.5,0,50
6271,26,9/3/2009 12:15,43.345162,-79.79398,3D Fix,0.5,0.7,50
6272,26,9/3/2009 12:15,43.345165,-79.793983,3D Fix,0.5,1.5,50
6273,26,9/3/2009 12:15,43.345167,-79.793987,3D Fix,0.5,0,50
6274,26,9/3/2009 12:15,43.345167,-79.793987,3D Fix,0.5,0,50
6275,26,9/3/2009 12:15,43.34517,-79.793992,3D Fix,0.5,1.5,50
6276,26,9/3/2009 12:16,43.345175,-79.793997,3D Fix,0.5,3,50
6277,26,9/3/2009 12:16,43.345185,-79.794003,3D Fix,0.5,4.4,50
6278,26,9/3/2009 12:16,43.345198,-79.794005,3D Fix,0.5,6.7,50
6279,26,9/3/2009 12:16,43.345217,-79.793997,3D Fix,0.5,8.1,50
6280,26,9/3/2009 12:16,43.345235,-79.793978,3D Fix,0.5,9.6,50
6281,26,9/3/2009 12:16,43.345255,-79.793955,3D Fix,0.5,11.9,50
6282,26,9/3/2009 12:16,43.345278,-79.793923,3D Fix,0.5,13.3,50
6283,26,9/3/2009 12:16,43.345305,-79.79389,3D Fix,0.5,14.1,50
